name,difficulty,prep_time
15 Minute Healthy Dark Chocolate Truffles,Very hard,45 min
4 Ingredient Raw Peanut Butter Chocolate Cups,Moderate,45 min
5 Minute Xocai Chocolate Mug Cake,Moderate,45 min
Avocado Chocolate Bits Frozen Yogurt,Very hard,45 min
"Banana Chocolate Chip Cake With Peanut Butter Frosting - gluten free, dairy free, soy free",Very hard,45 min
Banana- Honey Chocolate Chip Bread,Very hard,45 min
Bittersweet Chocolate Ice Cream,Moderate,45 min
Bittersweet chocolate pudding,Moderate,45 min
Brown Sugar Sponge Cookie w/ Chocolate Covered Caramels,Very easy,45 min
Cannoli Ice Cream w. Pistachios & Dark Chocolate,Easy,45 min
Carrot Raisin Chocolate Chip Cookies,Very easy,45 min
Chocolate Almond Bark,Very easy,45 min
Chocolate and Szechuan Peppercorn Brownies,Hard,45 min
Chocolate Asparagus Bundt Cake,Very hard,45 min
Chocolate Banoffee Pie,Hard,240 min
Chocolate Chip Cookies,Very easy,45 min
"Chocolate Chip Pancakes-gluten free, nut free, vegan",Hard,45 min
Chocolate Chip Peanut Butter Banana Cookies,Very easy,45 min
Chocolate Coconut Banana Bread,Very easy,45 min
Chocolate-Date Cake with Chocolate Sticky Toffee Glaze,Very easy,45 min
Chocolate Hazelnut Cake,Moderate,45 min
Chocolate Hazelnut Mousse,Easy,45 min
Chocolate Nutella Walnut Cake,Moderate,45 min
Chocolate nut spread,Easy,45 min
Chocolate Pavlova with Winter Fruit,Moderate,150 min
Chocolate Peanut Butter No-Bake Dessert,Hard,45 min
Chocolate Wafers,Easy,45 min
Chocolatey Overnight Oats with Strawberries,Easy,45 min
Coconut Macaroons With Chocolate Drizzle,Very easy,45 min
Dark Chocolate Cinnamon Easter Eggnog,Very hard,45 min
Delicious Triple Chocolate Bundt Cake,Easy,50 min
Double Chocolate Milo Pancakes,Moderate,45 min
Eggless Blueberry and White Chocolate Baked Cheesecake,Very easy,90 min
How to make the perfect Chocolate Chip Eggnog Bars,Easy,35 min
Molten Chocolate Liquor Cakes,Moderate,45 min
Neiman Marcus Oatmeal Chocolate Chip Cookies,Hard,45 min
